record_id	institute_abbreviation	record_creation_date	order	date_sampling	ward	age	beat_id	clinical_id	lum_date_meas	lum_CCL21_1	lum_CXCL13_1	lum_CCL27_1	lum_CXCL5_1	lum_CCL11_1	lum_CCL24_1	lum_CCL26_1	lum_CX3CL1_1	lum_CXCL6_1	lum_GMCSF_1	lum_CXCL1_1	lum_CXCL2_1	lum_CCL1_1	lum_IFNg_1	lum_IL1b_1	lum_IL2_1	lum_IL4_1	lum_IL6_1	lum_IL8_1	lum_IL10_1	lum_IL16_1	lum_CXCL10_1	lum_CXCL11_1	lum_CCL2_1	lum_CCL8_1	lum_CCL7_1	lum_CCL13_1	lum_CCL22_1	lum_MIF_1	lum_CXCL9_1	lum_CCL3_1	lum_CCL20_1	lum_CCL15_1	lum_CCL19_1	lum_CCL23_1	lum_CXCL16_1	lum_CXCL12_1	lum_CCL17_1	lum_CCL25_1	lum_TNFa_1	lum_CCL27_2	lum_CCL11_2	lum_FGFbasic_2	lum_GCSF_2	lum_GMCSF_2	lum_CXCL1_2	lum_HGF_2	lum_IFNa2_2	lum_IFNg_2	lum_IL10_2	lum_IL12p40_2	lum_IL12p70_2	lum_IL13_2	lum_IL15_2	lum_IL16_2	lum_IL17A_2	lum_IL18_2	lum_IL1ra_2	lum_IL1a_2	lum_IL1b_2	lum_IL2_2	lum_IL2Ra_2	lum_IL3_2	lum_IL4_2	lum_IL5_2	lum_IL6_2	lum_IL7_2	lum_IL8_2	lum_IL9_2	lum_CXCL10_2	lum_LIF_2	lum_CCL2_2	lum_CCL7_2	lum_MCSF_2	lum_MIF_2	lum_CXCL9_2	lum_MIP1a_2	lum_MIP1b_2	lum_PDGFBB_2	lum_RANTES_2	lum_SCF_2	lum_SCGFb_2	lum_CXCL12_2	lum_TNFa_2	lum_TNFb_2	lum_TRAIL_2	lum_VEGF_2	lum_bNGF_2	lum_APRIL_3	lum_BAFF_3	lum_sCD30_3	lum_sCD163_3	lum_Chitinase3like1_3	lum_sIL6Rb_3	lum_IFNa2_3	lum_IFNb_3	lum_IFNg_3	lum_IL2_3	lum_sIL6Ra_3	lum_IL8_3	lum_IL10_3	lum_IL11_3	lum_IL12p40_3	lum_IL12p70_3	lum_IL19_3	lum_IL20_3	lum_IL22_3	lum_IL26_3	lum_IL27p28_3	lum_IL28A_3	lum_IL29_3	lum_IL32_3	lum_IL34_3	lum_IL35_3	lum_LIGHT_3	lum_MMP1_3	lum_MMP2_3	lum_MMP3_3	lum_Osteocalcin_3	lum_Osteopontin_3	lum_Pentraxin3_3	lum_sTNFR1_3	lum_sTNFR2_3	lum_TSLP_3	lum_TWEAK_3	lum_IL17F_4	lum_IL21_4	lum_IL23_4	lum_IL25_4	lum_IL31_4	lum_IL33_4
201708869	LUMC	26-05-2020 15:31:31	BEATVR	08-05-2020	ICUQ	59	BEAT-018	1100207	04-05-2020	101413	104	1254	2787	199	847	120	444	219	36	894	1667	130	37	8	7	99	29	63	OOR <	616	666	133	90	155	404	389	1124	11410	354	14	53	6418	493	1679	766	2236	915	1385	26	479	30	OOR <	66	OOR <	264	4351	OOR <	OOR <	OOR <	OOR <	OOR <	OOR <	OOR <	157	OOR <	74	685	88	OOR <	OOR <	94	OOR <	OOR <	OOR <	6	OOR <	17	261	726	OOR <	16	OOR <	28	820	596	4	106	1786	8691	41	248360	670	13	267	45	OOR <	OOR <	830412	12507	1153	80514	13416	53410	OOR <	OOR <	OOR <	OOR <	4135	OOR <	OOR <	11	22	OOR <	OOR <	22	OOR <	OOR <	OOR <	OOR <	OOR <	OOR <	OOR <	OOR <	OOR <	OOR <	12190	1173	302	6936	26484	963	263	OOR <	329	OOR <	OOR <	OOR <	OOR <	OOR <	597
201903364	LUMC	26-05-2020 15:42:21	BEATMA	01-05-2020	VIG1	30	BEAT-007	1100125	22-04-2020	82461	144	1090	3606	246	589	75	388	185	15	526	1406	159	401	53	5	8	104	12	36	OOR <	109	748	118	95	597	412	1061	12236	393	9	26	2439	545	1243	567	2980	655	1442	36	OOR <	559	54	OOR <	139	OOR <	620	612	OOR <	OOR <	OOR <	3	1216	OOR <	86	OOR <	OOR <	OOR <	4	OOR <	9	507	OOR <	OOR <	OOR <	1	OOR <	65	OOR <	24	525	14	21	21	2	229	908	6	211	6078	5538	64	116014	822	47	580	86	OOR <	951583	6713	52879	642	16298	52061	OOR <	OOR <	OOR <	OOR <	2761	OOR <	OOR <	5	OOR <	OOR <	OOR <	OOR <	OOR <	OOR <	OOR <	OOR <	OOR <	OOR <	OOR <	OOR <	OOR <	OOR <	3356	7525	1221	4199	4689	1230	272	10	111	OOR <	OOR <	OOR <	5	OOR <	OOR <
201803814	LUMC	26-05-2020 15:45:16	BEATWO	04-05-2020	LOKL	54	BEAT-026	1100154	11-05-2020	120696	89	1358	2349	184	982	164	422	237	24	745	2594	137	268	32	4	OOR <	101	7	42	OOR <	96	697	128	87	466	271	1562	12236	113	17	21	2557	279	954	593	2314	350	1186	36	OOR <	553	84	18	282	OOR <	653	133	OOR <	30	OOR <	2	4540	OOR <	92	OOR <	1	OOR <	2	7	18	501	OOR <	OOR <	OOR <	1	OOR <	65	OOR <	88	637	OOR <	38	111	5	2775	308	12	221	837	8031	55	390607	810	47	548	84	OOR <	606725	8623	91192	741	8341	47364	OOR <	OOR <	OOR <	OOR <	2514	OOR <	OOR <	4	OOR <	OOR <	OOR <	OOR <	OOR <	OOR <	OOR <	OOR <	OOR <	OOR <	OOR <	OOR <	OOR <	4613	3262	675	332	4937	4186	1046	335	4	76	OOR <	OOR <	OOR <	OOR <	OOR <	OOR <
202000138	LUMC	26-05-2020 15:38:41	BEATAD	06-05-2020	KVVL	58	BEAT-001		04-05-2020	OOR >	39	2345	1013	118	OOR <	309	349	375	38	596	3035	190	350	43	5	6	157	52	31	9	133	1820	115	78	555	214	468	16223	262	8	26	1940	351	2205	520	2515	216	1315	34	OOR <	930	48	18	106	OOR <	509	768	OOR <	OOR <	OOR <	3	501	OOR <	116	OOR <	1	OOR <	27	7	15	376	OOR <	OOR <	OOR <	1	OOR <	70	OOR <	47	1548	14	67	64	5	92	555	5	156	1424	7952	62	333497	859	37	394	73	OOR <	933514	6413	87018	1602	14545	58907	OOR <	OOR <	OOR <	OOR <	4236	OOR <	OOR <	9	OOR <	OOR <	OOR <	OOR <	OOR <	OOR <	OOR <	OOR <	OOR <	OOR <	OOR <	OOR <	OOR <	OOR <	3847	5942	328	3489	11465	997	269	9	123	OOR <	OOR <	OOR <	OOR <	OOR <	OOR <
202000131	LUMC	26-05-2020 15:42:26	BEATWO	04-05-2020	KVVL	54	BEAT-023	1100103	25-05-2020	98246	107	1221	2991	207	799	106	410	207	12	633	797	136	58	6	11	59	92	59	OOR <	338	1742	371	87	186	614	379	640	10148	1181	26	72	4266	765	1599	660	2829	1023	1804	36	264	24	OOR <	160	OOR <	658	13217	OOR <	5	6	105	OOR <	OOR <	OOR <	108	OOR <	123	541	OOR <	1	OOR <	165	OOR <	OOR <	OOR <	27	OOR <	20	1122	70	73	14	OOR <	81	1401	23	9	188	3190	10638	62	397524	982	25	487	80	OOR <	OOR <	1214500	34484	1419	147460	14341	59634	OOR <	11	OOR <	20	5048	OOR <	OOR <	13	39	OOR <	OOR <	36	580	OOR <	OOR <	OOR <	OOR <	OOR <	OOR <	OOR <	190	9228	5878	2477	2451	6703	17577	1374	332	9	181	OOR <	OOR <	OOR <	OOR <	OOR <	794
201708856	LUMC	26-05-2020 15:42:09	BEATMA	06-05-2020	KVVL	54	BEAT-001		04-05-2020	23788	1000	366	OOR <	2792	156	18	186	52	10	415	428	112	22	3	OOR <	72	7	20	OOR <	65	576	80	76	66	301	176	811	7007	109	7	10	1960	OOR <	431	252	1293	268	301	13	134	3	OOR <	OOR <	OOR <	51	OOR <	OOR <	OOR <	OOR <	OOR <	OOR <	OOR <	OOR <	OOR <	OOR <	OOR <	OOR <	OOR <	OOR <	OOR <	OOR <	OOR <	OOR <	OOR <	OOR <	OOR <	OOR <	106	177	OOR <	OOR <	OOR <	OOR <	OOR <	15	OOR <	22	188	3973	OOR <	34730	90	OOR <	111	OOR <	OOR <	OOR <	272897	3244	312	41572	4226	27233	OOR <	OOR <	OOR <	OOR <	941	OOR <	OOR <	2	OOR <	OOR <	OOR <	OOR <	OOR <	OOR <	OOR <	OOR <	OOR <	OOR <	OOR <	OOR <	OOR <	OOR <	OOR <	OOR <	OOR <	1641	3159	351	88	OOR <	35	OOR <	OOR <	OOR <	OOR <	OOR <	OOR <
202104045	LUMC	26-05-2020 15:35:45	BEATVR	04-05-2020	MCB4	51	BEAT-030	1100031	25-05-2020	141957	80	1458	2043	166	1261	192	287	258	20	738	2462	132	167	22	4	OOR <	101	9	36	OOR <	56	507	111	60	378	276	592	9571	87	3	13	1126	OOR <	1063	402	1801	373	852	21	OOR <	164	27	OOR <	41	OOR <	318	2534	OOR <	OOR <	OOR <	OOR <	OOR <	OOR <	36	OOR <	OOR <	OOR <	2	OOR <	7	359	OOR <	OOR <	121	OOR <	OOR <	26	OOR <	113	299	OOR <	16	16	OOR <	OOR <	152	2	156	1541	3885	25	195161	455	29	375	68	OOR <	389322	7996	54622	266	4152	27060	OOR <	OOR <	OOR <	OOR <	1898	OOR <	OOR <	OOR <	OOR <	OOR <	OOR <	OOR <	OOR <	OOR <	OOR <	OOR <	OOR <	OOR <	OOR <	OOR <	OOR <	OOR <	OOR <	OOR <	OOR <	1486	583	440	100	OOR <	153	OOR <	OOR <	OOR <	OOR <	OOR <	OOR <
201907592	LUMC	26-05-2020 15:31:34	BEATMA	22-05-2020	ICUP	68	BEAT-027	1100099	25-05-2020	OOR >	60	1597	1607	149	1495	218	661	291	49	587	1266	179	144	23	5	9	174	14	40	OOR <	128	455	105	63	597	270	1327	24044	147	18	30	1877	415	1622	619	3005	663	1442	40	OOR <	180	36	18	228	OOR <	482	525	OOR <	27	OOR <	2	3705	OOR <	98	OOR <	OOR <	OOR <	4	OOR <	14	444	OOR <	OOR <	OOR <	OOR <	OOR <	70	OOR <	70	592	OOR <	50	23	3	OOR <	301	10	175	6896	6173	53	315789	841	49	481	79	OOR <	378894	7277	79486	460	12931	44476	OOR <	OOR <	OOR <	OOR <	4255	OOR <	OOR <	11	OOR <	OOR <	OOR <	OOR <	OOR <	OOR <	OOR <	OOR <	OOR <	OOR <	OOR <	OOR <	OOR <	4111	1705	2423	566	5476	5369	1402	394	6	52	OOR <	OOR <	OOR <	OOR <	OOR <	OOR <
201810594	LUMC	26-05-2020 15:45:20	BEATWO	18-05-2020	ICUP	67	BEAT-027	1100096	25-05-2020	OOR >	39	2355	1013	118	OOR <	311	338	379	21	596	3003	125	58	10	8	71	64	203	15	485	1392	354	87	67	494	94	429	53226	5024	27	295	3702	587	7882	1104	1762	98	1271	26	358	14	17	150	OOR <	264	25669	OOR <	38	OOR <	166	OOR <	OOR <	OOR <	167	OOR <	221	2102	32	OOR <	OOR <	534	0	OOR <	226	21	OOR <	58	320	1539	45	5	OOR <	98	657	10550	8	135	993	14077	53	319414	636	15	374	64	OOR <	9	1129600	18354	1624	171058	14024	51470	OOR <	9	OOR <	26	2281	OOR <	OOR <	13	37	OOR <	OOR <	42	OOR <	771	OOR <	OOR <	OOR <	OOR <	OOR <	OOR <	OOR <	OOR <	4563	2477	OOR <	5062	53963	2453	598	13	270	OOR <	OOR <	OOR <	OOR <	OOR <	597
